AGENT_NAME,EPISODE,STEP,MAX_HEIGHT
UNNAMED,1,0,298
UNNAMED,1,10,306
UNNAMED,1,20,306
UNNAMED,1,30,306
UNNAMED,1,40,306
UNNAMED,1,50,306
UNNAMED,1,60,306
UNNAMED,1,70,306
UNNAMED,1,80,306
UNNAMED,1,90,306
UNNAMED,1,100,306
UNNAMED,1,110,306
UNNAMED,1,120,306
UNNAMED,1,130,306
UNNAMED,1,140,306
UNNAMED,1,150,306
UNNAMED,1,160,632
UNNAMED,1,170,632
UNNAMED,1,180,632
UNNAMED,1,190,632
UNNAMED,1,200,632
UNNAMED,1,210,632
UNNAMED,1,220,632
UNNAMED,1,230,632
UNNAMED,1,240,632
UNNAMED,1,250,632
UNNAMED,1,260,632
UNNAMED,1,270,632
UNNAMED,1,280,632
UNNAMED,1,290,632
UNNAMED,1,300,632
UNNAMED,1,310,632
UNNAMED,1,320,632
UNNAMED,1,330,632
UNNAMED,1,340,632
UNNAMED,1,350,632
UNNAMED,1,360,632
UNNAMED,1,370,632
UNNAMED,1,380,632
UNNAMED,1,390,632
UNNAMED,1,400,632
UNNAMED,1,410,632
UNNAMED,1,420,632
UNNAMED,1,430,632
UNNAMED,1,440,632
UNNAMED,1,450,632
UNNAMED,1,460,632
UNNAMED,1,470,632
UNNAMED,1,480,632
UNNAMED,1,490,632
UNNAMED,1,500,632
UNNAMED,1,510,632
UNNAMED,1,520,632
UNNAMED,1,530,632
UNNAMED,1,540,632
UNNAMED,1,550,632
UNNAMED,1,560,632
UNNAMED,1,570,632
UNNAMED,1,580,632
UNNAMED,1,590,632
UNNAMED,1,600,632
UNNAMED,1,610,632
UNNAMED,1,620,632
UNNAMED,1,630,632
UNNAMED,1,640,632
UNNAMED,1,650,632
UNNAMED,1,660,632
UNNAMED,1,670,632
UNNAMED,1,680,632
UNNAMED,1,690,632
UNNAMED,1,700,632
UNNAMED,1,710,632
UNNAMED,1,720,632
UNNAMED,1,730,632
UNNAMED,1,740,632
UNNAMED,1,750,632
UNNAMED,1,760,632
UNNAMED,1,770,632
UNNAMED,1,780,632
UNNAMED,1,790,632
UNNAMED,1,800,632
UNNAMED,1,810,632
UNNAMED,1,820,632
UNNAMED,1,830,632
UNNAMED,1,840,632
UNNAMED,1,850,632
UNNAMED,1,860,632
UNNAMED,1,870,632
UNNAMED,1,880,632
UNNAMED,1,890,632
UNNAMED,1,900,632
UNNAMED,1,910,632
UNNAMED,1,920,632
UNNAMED,1,930,632
UNNAMED,1,940,632
UNNAMED,1,950,632
UNNAMED,1,960,632
UNNAMED,1,970,632
UNNAMED,1,980,632
UNNAMED,1,990,632
UNNAMED,1,1000,632
